Frame,J0,J1,J2,J3,J4,J5,J6
0,1.3699013,-1.4978783,-1.8567908,-2.6743739,-1.7926852,1.7650318,1.8601925,3.4246411e-06,3.4119885e-06
1,1.3698921,-1.4979608,-1.8568877,-2.6743531,-1.7926663,1.765029,1.8601925,3.4238049e-06,3.4241577e-06
2,1.3698084,-1.4980371,-1.8568056,-2.6743805,-1.792734,1.7649466,1.8601192,3.42397e-06,3.4115615e-06
3,1.3697302,-1.4981123,-1.8567272,-2.6744065,-1.7928027,1.7648642,1.8600471,3.4238863e-06,3.4120308e-06
4,1.3697214,-1.4981948,-1.8568243,-2.674386,-1.792784,1.7648613,1.8600471,3.4242973e-06,3.4247053e-06
5,1.369644,-1.4982716,-1.8567467,-2.6744118,-1.7928504,1.764776,1.8599771,3.424102e-06,3.4124716e-06
6,1.3696352,-1.4983541,-1.8568437,-2.6743913,-1.7928315,1.7647731,1.8599771,3.4222435e-06,3.422628e-06
7,1.3695587,-1.4984308,-1.8567649,-2.6744173,-1.7928991,1.7646858,1.8599089,3.422119e-06,3.4105624e-06
8,1.36955,-1.4985133,-1.8568618,-2.6743968,-1.7928803,1.7646829,1.8599089,3.4210432e-06,3.4214393e-06
9,1.3694748,-1.4985902,-1.8567816,-2.674423,-1.7929498,1.7645929,1.8598418,3.4176778e-06,3.4063266e-06
10,1.3694661,-1.4986727,-1.8568785,-2.6744025,-1.792931,1.76459,1.8598418,3.4168884e-06,3.4173493e-06
11,1.3693919,-1.498753,-1.8567966,-2.6744277,-1.7929965,1.7644968,1.8597778,3.4183083e-06,3.4069299e-06
12,1.3693832,-1.4988354,-1.8568935,-2.6744072,-1.7929777,1.764494,1.8597778,3.4189702e-06,3.4194084e-06
13,1.3693098,-1.4989157,-1.8568108,-2.6744332,-1.7930458,1.7643992,1.8597143,3.4204274e-06,3.4091292e-06
14,1.3693011,-1.4989982,-1.8569077,-2.6744127,-1.7930269,1.7643963,1.8597143,3.4202437e-06,3.420657e-06
15,1.3692285,-1.4990784,-1.856824,-2.6744392,-1.7930979,1.764299,1.8596513,3.420972e-06,3.4097632e-06
16,1.3692198,-1.4991609,-1.856921,-2.6744187,-1.793079,1.7642962,1.8596513,3.4224854e-06,3.4229317e-06
17,1.3691485,-1.4992411,-1.8568363,-2.674446,-1.7931523,1.7641976,1.8595891,3.423301e-06,3.4122122e-06
18,1.3691399,-1.4993236,-1.8569332,-2.6744256,-1.7931335,1.7641947,1.8595891,3.4217212e-06,3.4221162e-06
19,1.3690696,-1.4994038,-1.8568476,-2.674454,-1.7932081,1.7640935,1.8595282,3.4222762e-06,3.4113048e-06
20,1.369061,-1.4994863,-1.8569446,-2.6744335,-1.7931893,1.7640907,1.8595282,3.423678e-06,3.424089e-06
21,1.3689914,-1.4995667,-1.8568583,-2.6744628,-1.7932652,1.7639881,1.8594682,3.4263946e-06,3.415451e-06
22,1.3689829,-1.4996492,-1.8569552,-2.6744423,-1.7932464,1.7639853,1.8594682,3.427055e-06,3.4274694e-06
23,1.368914,-1.4997292,-1.856868,-2.6744747,-1.7933278,1.763881,1.8594079,3.4263558e-06,3.415484e-06
24,1.3689055,-1.4998116,-1.8569648,-2.6744542,-1.793309,1.7638781,1.8594079,3.4242e-06,3.4245897e-06
25,1.3688378,-1.4998916,-1.8568772,-2.6744866,-1.793391,1.7637721,1.8593488,3.4260656e-06,3.4151826e-06
26,1.3688294,-1.4999741,-1.856974,-2.6744661,-1.7933722,1.7637693,1.8593488,3.4277934e-06,3.428212e-06
27,1.3687627,-1.5000542,-1.8568856,-2.6744986,-1.7934546,1.763661,1.8592912,3.4286657e-06,3.4178527e-06
28,1.3687543,-1.5001367,-1.8569824,-2.674478,-1.7934358,1.7636582,1.8592912,3.4277252e-06,3.4281572e-06
29,1.3686881,-1.5002172,-1.856893,-2.6745098,-1.793518,1.7635483,1.8592353,3.4291243e-06,3.418331e-06
30,1.3686798,-1.5002996,-1.8569897,-2.6744893,-1.7934991,1.7635454,1.8592353,3.4286463e-06,3.4290988e-06
31,1.3686146,-1.50038,-1.8568997,-2.674521,-1.7935817,1.7634335,1.8591803,3.429859e-06,3.4191412e-06
32,1.3686062,-1.5004624,-1.8569965,-2.6745005,-1.7935629,1.7634306,1.8591803,3.429042e-06,3.429454e-06
33,1.3685421,-1.5005429,-1.8569057,-2.6745327,-1.7936465,1.7633173,1.8591266,3.4291281e-06,3.418416e-06
34,1.3684827,-1.500624,-1.8568188,-2.6745589,-1.7937257,1.7632037,1.8590748,3.4264995e-06,3.416149e-06
35,1.3684744,-1.5007064,-1.8569156,-2.6745384,-1.7937069,1.7632009,1.8590748,3.42749e-06,3.4278846e-06
36,1.3684155,-1.5007901,-1.8568299,-2.6745644,-1.7937855,1.7630854,1.8590249,3.427775e-06,3.4175237e-06
37,1.3684071,-1.5008725,-1.8569267,-2.6745439,-1.7937666,1.7630825,1.8590249,3.4272775e-06,3.4277175e-06
38,1.3683482,-1.5009562,-1.85684,-2.6745703,-1.7938461,1.7629657,1.858975,3.429506e-06,3.4192847e-06
39,1.3683399,-1.5010386,-1.8569368,-2.6745498,-1.7938273,1.7629628,1.858975,3.4288164e-06,3.4292198e-06
40,1.368281,-1.5011221,-1.8568492,-2.6745775,-1.7939087,1.7628448,1.858926,3.4303293e-06,3.4201191e-06
41,1.3682728,-1.5012045,-1.856946,-2.674557,-1.7938899,1.7628419,1.858926,3.4309219e-06,3.431394e-06
42,1.3682139,-1.501288,-1.8568575,-2.6745865,-1.7939725,1.7627225,1.8588774,3.4329375e-06,3.4227496e-06
43,1.3682057,-1.5013704,-1.8569543,-2.674566,-1.7939537,1.7627196,1.8588774,3.4319849e-06,3.4324437e-06
44,1.3681476,-1.501454,-1.8568652,-2.674595,-1.7940367,1.7625989,1.8588297,3.434928e-06,3.4247737e-06
45,1.3681396,-1.5015364,-1.856962,-2.6745746,-1.7940179,1.762596,1.8588297,3.4336479e-06,3.4340915e-06
46,1.3680822,-1.5016199,-1.8568721,-2.6746047,-1.7941029,1.7624742,1.8587824,3.4357402e-06,3.425583e-06
47,1.3680742,-1.5017023,-1.8569689,-2.6745842,-1.7940841,1.7624713,1.8587824,3.4354778e-06,3.4359111e-06
48,1.3680173,-1.5017861,-1.8568778,-2.6746125,-1.7941672,1.7623475,1.8587368,3.4348293e-06,3.4246673e-06
49,1.3680093,-1.5018685,-1.8569746,-2.674592,-1.7941483,1.7623446,1.8587368,3.4357827e-06,3.4361976e-06
50,1.367953,-1.5019524,-1.8568829,-2.6746204,-1.7942319,1.7622197,1.8586919,3.4362906e-06,3.4261104e-06
51,1.367945,-1.5020348,-1.8569797,-2.6746,-1.794213,1.7622168,1.8586919,3.4350292e-06,3.4354744e-06
52,1.3678892,-1.5021187,-1.8568875,-2.6746283,-1.7942973,1.7620906,1.858648,3.435338e-06,3.4251718e-06
53,1.3678812,-1.5022011,-1.8569843,-2.6746078,-1.7942785,1.7620877,1.858648,3.43436e-06,3.434796e-06
54,1.367826,-1.5022846,-1.8568915,-2.6746395,-1.7943656,1.7619609,1.8586031,3.4353195e-06,3.4251022e-06
55,1.367818,-1.502367,-1.8569883,-2.674619,-1.7943468,1.761958,1.8586031,3.433477e-06,3.433929e-06
56,1.3677629,-1.5024506,-1.8568951,-2.6746504,-1.7944347,1.76183,1.8585591,3.4344814e-06,3.4243121e-06
57,1.367755,-1.502533,-1.8569919,-2.67463,-1.7944158,1.7618271,1.8585591,3.4344484e-06,3.4348666e-06
58,1.3677,-1.5026166,-1.8568981,-2.6746612,-1.7945039,1.761698,1.8585167,3.435045e-06,3.4247678e-06
59,1.3676921,-1.502699,-1.8569949,-2.6746407,-1.7944851,1.7616951,1.8585167,3.4350878e-06,3.4355337e-06
60,1.367637,-1.5027827,-1.8569003,-2.674672,-1.7945737,1.7615649,1.8584744,3.4351685e-06,3.4248787e-06
61,1.3676292,-1.5028651,-1.8569971,-2.6746514,-1.7945548,1.761562,1.8584744,3.4347893e-06,3.4352406e-06
62,1.367575,-1.5029489,-1.8569019,-2.6746812,-1.7946423,1.7614303,1.8584323,3.4361792e-06,3.4259615e-06
63,1.3675249,-1.5030321,-1.8568108,-2.6747065,-1.794725,1.7612993,1.8583926,3.435103e-06,3.4253062e-06
64,1.367517,-1.5031145,-1.8569076,-2.6746857,-1.7947061,1.7612964,1.8583926,3.4339432e-06,3.4344198e-06
65,1.3674666,-1.5031984,-1.856818,-2.6747112,-1.7947887,1.7611647,1.858354,3.4322625e-06,3.4225232e-06
66,1.3674587,-1.5032808,-1.8569148,-2.6746905,-1.7947699,1.7611618,1.858354,3.4306843e-06,3.4311527e-06
67,1.3674083,-1.5033647,-1.8568243,-2.6747162,-1.7948532,1.7610294,1.8583155,3.4287957e-06,3.4191019e-06
68,1.3674004,-1.5034469,-1.8569211,-2.6746955,-1.7948344,1.7610265,1.8583155,3.4280854e-06,3.4285506e-06
69,1.36735,-1.5035307,-1.8568298,-2.6747217,-1.7949187,1.7608935,1.858277,3.427425e-06,3.41769e-06
70,1.3673422,-1.503613,-1.8569266,-2.674701,-1.7948998,1.7608906,1.858277,3.4263871e-06,3.4268176e-06
71,1.3672928,-1.5036969,-1.8568344,-2.6747272,-1.7949834,1.7607565,1.8582386,3.4250568e-06,3.4154082e-06
72,1.367285,-1.5037792,-1.8569312,-2.6747065,-1.7949646,1.7607536,1.8582386,3.4257166e-06,3.4261684e-06
73,1.3672355,-1.503863,-1.8568385,-2.6747332,-1.795049,1.7606189,1.8582002,3.4228044e-06,3.413106e-06
74,1.3672279,-1.5039452,-1.8569353,-2.6747124,-1.7950301,1.7606161,1.8582002,3.4215861e-06,3.4220511e-06
75,1.3671784,-1.504029,-1.8568419,-2.6747398,-1.7951154,1.7604808,1.8581619,3.4208567e-06,3.4111526e-06
76,1.3671709,-1.5041113,-1.8569387,-2.674719,-1.7950965,1.760478,1.8581619,3.421143e-06,3.4216139e-06
77,1.3671216,-1.5041951,-1.8568447,-2.6747472,-1.7951822,1.7603422,1.8581238,3.4213367e-06,3.4116797e-06
78,1.3671141,-1.5042772,-1.8569415,-2.6747265,-1.7951634,1.7603395,1.8581238,3.421321e-06,3.4218083e-06
79,1.3670646,-1.504361,-1.8568469,-2.674756,-1.7952504,1.7602032,1.8580855,3.4224397e-06,3.4127227e-06
80,1.3670572,-1.5044432,-1.8569437,-2.6747353,-1.7952316,1.7602005,1.8580855,3.423964e-06,3.424373e-06
81,1.3670081,-1.5045304,-1.8568479,-2.6747608,-1.795313,1.7600621,1.8580511,3.423593e-06,3.4137063e-06
82,1.3670006,-1.5046126,-1.8569447,-2.67474,-1.7952942,1.7600594,1.8580511,3.4245975e-06,3.4250281e-06
83,1.3669515,-1.5046998,-1.8568486,-2.6747658,-1.7953761,1.7599204,1.8580166,3.4262132e-06,3.4163713e-06
84,1.3669441,-1.504782,-1.8569454,-2.674745,-1.7953572,1.7599176,1.8580166,3.4256366e-06,3.4261327e-06
85,1.366895,-1.5048658,-1.8568494,-2.6747754,-1.7954459,1.7597793,1.857979,3.4263192e-06,3.416511e-06
86,1.3668876,-1.5049479,-1.8569462,-2.6747546,-1.7954271,1.7597766,1.857979,3.4258285e-06,3.4262835e-06
87,1.3668386,-1.5050317,-1.8568498,-2.6747847,-1.7955158,1.7596377,1.8579422,3.4274142e-06,3.4176257e-06
88,1.3668312,-1.5051138,-1.8569466,-2.674764,-1.795497,1.759635,1.8579422,3.4274392e-06,3.4278994e-06
89,1.3667824,-1.5051975,-1.8568498,-2.674794,-1.7955858,1.7594954,1.8579059,3.426626e-06,3.4168786e-06
90,1.366775,-1.5052797,-1.8569466,-2.6747732,-1.7955669,1.7594926,1.8579059,3.4267935e-06,3.4272261e-06
91,1.3667265,-1.5053633,-1.8568491,-2.6748033,-1.7956557,1.7593522,1.8578702,3.4245184e-06,3.4147183e-06
92,1.3667191,-1.5054455,-1.8569459,-2.6747825,-1.7956369,1.7593495,1.8578702,3.425715e-06,3.4261905e-06
93,1.366671,-1.5055292,-1.8568482,-2.6748123,-1.7957257,1.7592087,1.8578355,3.4242219e-06,3.4144039e-06
94,1.3666276,-1.5056152,-1.8567543,-2.6748376,-1.7958082,1.7590686,1.8578016,3.424847e-06,3.4152736e-06
95,1.3666202,-1.5056974,-1.8568511,-2.6748168,-1.7957895,1.7590659,1.8578016,3.4240563e-06,3.4244795e-06
96,1.3663936,-1.5054624,-1.8555561,-2.6751416,-1.7946093,1.7585177,1.8576871,3.4239163e-06,3.415705e-06
97,1.3656532,-1.5046535,-1.8519925,-2.6760898,-1.791165,1.7574028,1.8573663,3.4225072e-06,3.4114141e-06
98,1.3644137,-1.503326,-1.8463125,-2.6775954,-1.7857107,1.7558253,1.8569224,3.4263253e-06,3.4096324e-06
99,1.3627926,-1.5015402,-1.8386233,-2.6794982,-1.7782803,1.7537582,1.8563654,3.438286e-06,3.4141533e-06
100,1.3608918,-1.4993469,-1.8290356,-2.6816728,-1.768983,1.7511749,1.8557979,3.4615239e-06,3.4289717e-06
101,1.3586885,-1.4968729,-1.8176963,-2.684057,-1.7580162,1.7481263,1.8550936,3.4894572e-06,3.448083e-06
102,1.3562702,-1.4940795,-1.8047181,-2.6865277,-1.7454022,1.7446926,1.8543061,3.5267121e-06,3.4734037e-06
103,1.353602,-1.4910686,-1.7902383,-2.6890619,-1.7313745,1.7409339,1.853346,3.570074e-06,3.5063479e-06
104,1.3507481,-1.4879586,-1.774361,-2.6915598,-1.7160336,1.7367736,1.8522583,3.6189522e-06,3.5467672e-06
105,1.3478628,-1.4847087,-1.7571695,-2.6938674,-1.6993477,1.7321614,1.8509083,3.6702936e-06,3.5870169e-06
106,1.3448043,-1.4813794,-1.7388136,-2.696055,-1.6816106,1.7273214,1.8495035,3.7174889e-06,3.6249899e-06
107,1.3416572,-1.4765362,-1.7193377,-2.6979795,-1.6621518,1.723392,1.8477681,3.7636867e-06,3.6066187e-06
108,1.3384206,-1.4716854,-1.6988797,-2.6996164,-1.6417701,1.7191459,1.8458221,3.7989432e-06,3.6347128e-06
109,1.3351942,-1.4668266,-1.6775235,-2.700893,-1.6205465,1.7145329,1.843721,3.825613e-06,3.6546887e-06
110,1.3320128,-1.4619781,-1.6553643,-2.701763,-1.5985821,1.7095543,1.8414774,3.839526e-06,3.6625393e-06
111,1.3289975,-1.4570729,-1.6324781,-2.7021246,-1.5759039,1.7041398,1.8391768,3.8398734e-06,3.65381e-06
112,1.3260057,-1.4522572,-1.6089932,-2.7020466,-1.5527203,1.6984493,1.8366743,3.813684e-06,3.6241004e-06
113,1.323168,-1.4474401,-1.584981,-2.701421,-1.5290287,1.6923994,1.834058,3.773544e-06,3.576437e-06
114,1.3205359,-1.4425719,-1.560524,-2.7001913,-1.5048788,1.6859837,1.8313833,3.7134791e-06,3.5064902e-06
115,1.3181478,-1.4381652,-1.5379865,-2.699056,-1.4827371,1.6799803,1.8289672,3.590503e-06,3.449423e-06
116,1.3159771,-1.4342079,-1.5172542,-2.6980176,-1.4624206,1.674376,1.8267136,3.5003256e-06,3.416192e-06
117,1.3139986,-1.430648,-1.4981906,-2.697054,-1.4437441,1.6691614,1.8247255,3.4373136e-06,3.3968788e-06
118,1.312464,-1.4281911,-1.4806908,-2.696113,-1.4269612,1.6635876,1.8231494,3.385776e-06,3.4033724e-06
119,1.3110648,-1.4259766,-1.4645985,-2.6952422,-1.4115187,1.6584318,1.8216034,3.3527883e-06,3.3934482e-06
120,1.3098096,-1.4239529,-1.4498012,-2.6944072,-1.3972718,1.6536436,1.8202296,3.331518e-06,3.385466e-06
121,1.308655,-1.422094,-1.4361728,-2.693666,-1.3842171,1.6492282,1.819037,3.3147949e-06,3.3799222e-06
122,1.3076237,-1.4204073,-1.4236261,-2.692985,-1.372239,1.6451085,1.8179319,3.3046642e-06,3.3780125e-06
123,1.3066251,-1.4189748,-1.4121035,-2.6923892,-1.3612599,1.6413354,1.8168001,3.3028707e-06,3.3810886e-06
124,1.3057373,-1.4176667,-1.401498,-2.6918302,-1.3511657,1.6378138,1.8157781,3.3054628e-06,3.386221e-06
125,1.3048977,-1.4164866,-1.3917443,-2.6913319,-1.3418922,1.6345946,1.8148198,3.3073961e-06,3.3885199e-06
126,1.3041741,-1.4153476,-1.3827552,-2.690851,-1.3333461,1.6315864,1.8140543,3.3140566e-06,3.3948263e-06
127,1.3034743,-1.4143597,-1.3744925,-2.6904368,-1.3255206,1.6288371,1.8132447,3.3181634e-06,3.397438e-06
128,1.3028448,-1.413442,-1.3668833,-2.6900573,-1.3183328,1.6262885,1.8125335,3.32612e-06,3.4035472e-06
129,1.3022784,-1.4126029,-1.3598852,-2.6896956,-1.3117048,1.623926,1.8119048,3.3347367e-06,3.4092495e-06
130,1.3017782,-1.4118139,-1.3534392,-2.6893566,-1.3056083,1.621729,1.8113707,3.3432138e-06,3.415073e-06
131,1.3013104,-1.4111179,-1.3475198,-2.6890378,-1.2999842,1.6197091,1.8108712,3.3481901e-06,3.4160573e-06
132,1.3009017,-1.4104635,-1.3420644,-2.688743,-1.2948242,1.6178223,1.8103942,3.351885e-06,3.4170462e-06
133,1.3004818,-1.4099337,-1.3370633,-2.68849,-1.2900864,1.6161182,1.809895,3.3561878e-06,3.416605e-06
134,1.3001307,-1.4094367,-1.332466,-2.688221,-1.2856855,1.6145102,1.809432,3.3615215e-06,3.4183859e-06
135,1.2997987,-1.408991,-1.3282348,-2.687986,-1.2816564,1.613036,1.8090253,3.3670633e-06,3.420541e-06
136,1.299516,-1.4085772,-1.3243452,-2.6877472,-1.2779212,1.6116529,1.808653,3.3708639e-06,3.4209493e-06
137,1.2992634,-1.4082061,-1.3207726,-2.6875124,-1.2744644,1.6103686,1.8083179,3.3750302e-06,3.421509e-06
138,1.2990346,-1.4078697,-1.3174862,-2.6872933,-1.2712827,1.6091803,1.8080205,3.377189e-06,3.420611e-06
139,1.2988138,-1.4075627,-1.314453,-2.6871176,-1.2683978,1.6080931,1.8077592,3.3800975e-06,3.421044e-06
140,1.2986442,-1.4072652,-1.3116636,-2.6869252,-1.265708,1.6070571,1.8075175,3.3825438e-06,3.4206907e-06
141,1.298469,-1.4070073,-1.3090954,-2.6867704,-1.2632633,1.6061201,1.8073096,3.384121e-06,3.4196353e-06
142,1.2983228,-1.4067658,-1.3067335,-2.6866145,-1.260999,1.6052402,1.8071235,3.3850342e-06,3.417968e-06
143,1.2981976,-1.4065526,-1.3045697,-2.6864505,-1.2588843,1.6044201,1.8069613,3.387098e-06,3.4171455e-06
144,1.2980925,-1.4063481,-1.3025736,-2.6862981,-1.2569457,1.6036531,1.8068153,3.3888916e-06,3.4169686e-06
145,1.2979763,-1.4061774,-1.3007365,-2.6861792,-1.2551882,1.6029637,1.8066926,3.389673e-06,3.4155532e-06
146,1.2978709,-1.4060218,-1.2990447,-2.6860716,-1.2535778,1.6023253,1.806585,3.3918063e-06,3.415753e-06
147,1.2977859,-1.4058753,-1.297488,-2.6859632,-1.2520864,1.6017239,1.8064897,3.3938986e-06,3.4159925e-06
148,1.2976997,-1.4054742,-1.2937785,-2.68523,-1.2485863,1.6003146,1.8060666,3.395367e-06,3.4087018e-06
149,1.2977457,-1.4047239,-1.288126,-2.6837204,-1.243125,1.5980703,1.8053982,3.3986187e-06,3.3973981e-06
150,1.2978774,-1.4036186,-1.2806939,-2.6815398,-1.236068,1.5951173,1.8045467,3.3925592e-06,3.375025e-06
151,1.2981247,-1.4021564,-1.2717172,-2.678607,-1.2274655,1.5915126,1.8035165,3.3742988e-06,3.3351841e-06
152,1.2985283,-1.4003135,-1.2613821,-2.674883,-1.2174582,1.5872718,1.8022455,3.3404533e-06,3.2772052e-06
153,1.2990713,-1.3980556,-1.249816,-2.6704302,-1.2063085,1.5824642,1.8008207,3.2842752e-06,3.1977993e-06
154,1.2997645,-1.3953664,-1.2371888,-2.665217,-1.1941117,1.5771296,1.7992305,3.2074145e-06,3.095904e-06
155,1.3005608,-1.3923483,-1.2236797,-2.659252,-1.1809745,1.5713673,1.7974433,3.1066527e-06,2.970444e-06
156,1.30108,-1.3882425,-1.2093344,-2.6525993,-1.1666847,1.5657601,1.7951545,2.9854232e-06,2.8023605e-06
157,1.3019319,-1.3849691,-1.1961663,-2.6463652,-1.1538097,1.560059,1.7933148,3.4118902e-06,3.961147e-06
158,1.3026879,-1.3818829,-1.1840265,-2.640653,-1.141969,1.5548525,1.7916652,3.3068554e-06,3.4416757e-06
159,1.3033938,-1.3789777,-1.172859,-2.6353714,-1.13103,1.550055,1.7901103,3.1833022e-06,3.1245495e-06
160,1.303967,-1.3763524,-1.1625671,-2.6305873,-1.1210167,1.5457375,1.7886565,3.0747176e-06,3.0401063e-06
161,1.3044871,-1.3739258,-1.15311,-2.626172,-1.1117641,1.5417783,1.7872758,2.9978146e-06,2.9812218e-06
162,1.3049462,-1.3716815,-1.1443995,-2.6221282,-1.1032624,1.5381601,1.7860017,2.9471196e-06,2.9456037e-06
163,1.3054118,-1.3695647,-1.1364024,-2.61835,-1.0953743,1.5347816,1.784829,2.916641e-06,2.926138e-06
164,1.3058077,-1.3676337,-1.1290375,-2.6149042,-1.0881356,1.531714,1.7837529,2.8954164e-06,2.9141363e-06
165,1.3061544,-1.3658823,-1.1222696,-2.6117404,-1.0814649,1.5289165,1.7827288,2.8887964e-06,2.9140497e-06
166,1.3065088,-1.3641785,-1.1160297,-2.6088016,-1.0753118,1.5262954,1.7818053,2.8924856e-06,2.923569e-06
167,1.3067887,-1.3626509,-1.1102793,-2.6061447,-1.0696856,1.5239433,1.7809736,2.9009852e-06,2.9357038e-06
168,1.3070267,-1.3612589,-1.104987,-2.603716,-1.0645156,1.5218033,1.7802151,2.9184785e-06,2.955563e-06
169,1.3072727,-1.359937,-1.1001208,-2.6014526,-1.0597328,1.5198008,1.7795002,2.9385951e-06,2.9772991e-06
170,1.3074564,-1.3587595,-1.0956298,-2.5994213,-1.0553795,1.5180103,1.7788514,2.959756e-06,2.9992477e-06
171,1.3076342,-1.3576559,-1.0914932,-2.5975475,-1.0513746,1.5163505,1.7782482,2.984644e-06,3.0244935e-06
172,1.3078172,-1.3566165,-1.0876942,-2.5957994,-1.0476637,1.5148011,1.7776861,3.0100196e-06,3.0494007e-06
173,1.3079627,-1.3556839,-1.084193,-2.5942166,-1.0442709,1.5134037,1.7771753,3.0353915e-06,3.0739047e-06
174,1.3081062,-1.3548205,-1.0809699,-2.592756,-1.0411526,1.5121038,1.7766681,3.0605813e-06,3.098204e-06
175,1.308249,-1.3540494,-1.0780461,-2.591362,-1.0381967,1.5109046,1.7762104,3.0863673e-06,3.120937e-06
176,1.308607,-1.3526462,-1.0735565,-2.588828,-1.0337601,1.5088542,1.7755029,3.1162401e-06,3.1337772e-06
177,1.309162,-1.3506535,-1.067679,-2.585162,-1.0279907,1.5060323,1.7744977,3.1346128e-06,3.1292166e-06
178,1.3099068,-1.3480393,-1.060606,-2.5803573,-1.0209734,1.5024954,1.77329,3.1374898e-06,3.1052716e-06
179,1.3105875,-1.3456218,-1.0540966,-2.5758893,-1.0144639,1.499246,1.7721659,3.0953997e-06,3.0745314e-06
180,1.3111926,-1.3434174,-1.048112,-2.571789,-1.0084659,1.4962863,1.7710987,3.065204e-06,3.0545805e-06
181,1.3117237,-1.3413591,-1.0425763,-2.568053,-1.0029901,1.4935875,1.7701432,3.049176e-06,3.0479046e-06
182,1.3122351,-1.33942,-1.0374975,-2.564576,-0.9979034,1.4910758,1.7692492,3.0408996e-06,3.0460828e-06
183,1.3126787,-1.3376476,-1.0328101,-2.5614095,-0.99325246,1.4887984,1.7684262,3.0401927e-06,3.0508186e-06
184,1.3130872,-1.3359985,-1.0284946,-2.5584955,-0.98897094,1.4867005,1.7676604,3.0453316e-06,3.0601304e-06
185,1.3134731,-1.3344611,-1.0245359,-2.555789,-0.98499584,1.4847593,1.7669506,3.0573453e-06,3.074842e-06
186,1.3137859,-1.3330749,-1.0208639,-2.5533624,-0.9814054,1.4830242,1.7663074,3.070158e-06,3.0902715e-06
187,1.3140863,-1.3317903,-1.017508,-2.5510955,-0.97804964,1.4814161,1.7657144,3.0853812e-06,3.106208e-06
188,1.314333,-1.3306345,-1.0144048,-2.5490496,-0.97500014,1.4799734,1.7651759,3.101807e-06,3.1235652e-06
189,1.3145639,-1.3295637,-1.0115558,-2.5471566,-0.97217846,1.4786408,1.7646793,3.1216298e-06,3.1436714e-06
190,1.3147855,-1.3285564,-1.0089202,-2.5454204,-0.9696072,1.4773976,1.7641878,3.1404388e-06,3.1635163e-06
191,1.3150008,-1.3276483,-1.0065347,-2.5437784,-0.96716195,1.476251,1.7637397,3.159223e-06,3.1804852e-06
192,1.3151989,-1.3268003,-1.0043387,-2.5422647,-0.9649096,1.475193,1.7633431,3.1768243e-06,3.1978761e-06
193,1.3154011,-1.3259927,-1.0023264,-2.5408454,-0.9628117,1.4741938,1.7629749,3.194736e-06,3.215547e-06
194,1.3155684,-1.3252643,-1.0004648,-2.5395648,-0.9609061,1.4732975,1.7626485,3.2088453e-06,3.2291093e-06
195,1.3157115,-1.3245832,-0.99872804,-2.5384161,-0.9591986,1.4724805,1.7623543,3.224907e-06,3.2453454e-06
196,1.3158536,-1.3239673,-0.99715847,-2.5373259,-0.9575708,1.4717239,1.7620841,3.239838e-06,3.2583603e-06
197,1.3159455,-1.323444,-0.99569684,-2.5363734,-0.9561213,1.4710776,1.7618531,3.256313e-06,3.2736893e-06
198,1.3160628,-1.3229215,-0.99436635,-2.5354526,-0.9547463,1.4704386,1.7616296,3.2701848e-06,3.2871544e-06
199,1.316164,-1.322453,-0.99314374,-2.5346112,-0.95348096,1.4698619,1.7614295,3.2840417e-06,3.2999694e-06
200,1.3162732,-1.3220053,-0.9920286,-2.5338135,-0.95229167,1.4693111,1.7612413,3.2963253e-06,3.3114593e-06
201,1.316369,-1.321594,-0.99099743,-2.533087,-0.951208,1.4688084,1.7610707,3.309814e-06,3.3243093e-06
202,1.3164493,-1.3212217,-0.99004245,-2.5324323,-0.95022553,1.4683555,1.7609174,3.3215128e-06,3.3353224e-06
203,1.3165495,-1.3208319,-0.9891601,-2.5318077,-0.949316,1.4678997,1.7607656,3.3335587e-06,3.3477588e-06
204,1.3166159,-1.3205117,-0.9883446,-2.5312617,-0.948497,1.4675179,1.7606372,3.342798e-06,3.3554816e-06
205,1.3166664,-1.3202155,-0.9875771,-2.5307832,-0.94777876,1.467175,1.7605206,3.353488e-06,3.3659594e-06
206,1.3167129,-1.3199518,-0.9868796,-2.5303366,-0.94710207,1.4668635,1.7604158,3.3638637e-06,3.3751628e-06
207,1.3167582,-1.3197091,-0.98624283,-2.5299187,-0.94646966,1.4665741,1.7603195,3.3702763e-06,3.3807953e-06
208,1.3168035,-1.3194772,-0.9856543,-2.5295322,-0.9458901,1.4663016,1.7602295,3.3783813e-06,3.3885258e-06
209,1.3168336,-1.3192822,-0.985112,-2.5291893,-0.94536364,1.4660677,1.7601515,3.3848958e-06,3.3940796e-06
210,1.3168701,-1.3190944,-0.9846198,-2.528859,-0.9448631,1.4658414,1.7600778,3.3917954e-06,3.400386e-06
211,1.316928,-1.3188828,-0.9841688,-2.5285292,-0.9443873,1.4655977,1.760001,3.398124e-06,3.407059e-06
212,1.3169649,-1.3187282,-0.9837662,-2.528232,-0.94393504,1.465403,1.7599404,3.4045652e-06,3.4116867e-06
213,1.3170213,-1.3185284,-0.9833777,-2.5279508,-0.9435406,1.4651828,1.7598718,3.4085094e-06,3.4170316e-06
214,1.3170437,-1.318375,-0.98300093,-2.5277386,-0.94322646,1.4650196,1.7598165,3.4117154e-06,3.4197174e-06
215,1.317064,-1.3182398,-0.98266125,-2.5275373,-0.94292426,1.4648713,1.7597669,3.416589e-06,3.423764e-06
216,1.3170898,-1.3181477,-0.98239213,-2.5273087,-0.94256425,1.4647387,1.7597281,3.42305e-06,3.4277268e-06
217,1.3171082,-1.3180686,-0.9821419,-2.5271041,-0.94224066,1.464622,1.7596936,3.42669e-06,3.4309985e-06
218,1.316229,-1.3193364,-0.98207015,-2.5266325,-0.9428854,1.4630481,1.7583026,3.4307584e-06,3.0627477e-06
219,1.3144236,-1.3220193,-0.98220026,-2.5259097,-0.94443095,1.4602664,1.7556006,3.4331465e-06,2.7170793e-06
220,1.3118067,-1.3259907,-0.98253614,-2.5248852,-0.9467868,1.4563829,1.751629,3.434578e-06,2.398415e-06
221,1.3085108,-1.3310137,-0.9830414,-2.523517,-0.9499165,1.4514502,1.7465202,3.4372747e-06,2.110615e-06
222,1.3046478,-1.3369509,-0.9837173,-2.5217535,-0.9537325,1.4455531,1.740362,3.4418788e-06,1.8487933e-06
223,1.3002529,-1.3437452,-0.9845348,-2.519635,-0.95823604,1.4388512,1.7332375,3.4440682e-06,1.6055626e-06
224,1.295623,-1.3515974,-0.9854914,-2.517071,-0.9634783,1.4311501,1.7254239,3.448191e-06,1.382978e-06
225,1.2906997,-1.3601351,-0.9865808,-2.5140343,-0.9692741,1.4227018,1.7166823,3.4505867e-06,1.1776293e-06
226,1.2855504,-1.3692317,-0.98777324,-2.510524,-0.97561157,1.4135822,1.7071251,3.4540935e-06,9.911712e-07
227,1.2802893,-1.3790659,-0.9890103,-2.5066004,-0.98262006,1.4037844,1.6970292,3.455227e-06,8.177154e-07
228,1.274912,-1.389351,-0.99031186,-2.5021946,-0.99011576,1.3934655,1.686243,3.456313e-06,6.5977883e-07
229,1.2694881,-1.3999723,-0.9916458,-2.4973123,-0.9981139,1.382659,1.6747674,3.4570721e-06,5.1893136e-07
230,1.2640421,-1.410929,-0.9930127,-2.491935,-1.006538,1.3714702,1.6626902,3.4439247e-06,3.272304e-07
231,1.2586439,-1.4221128,-0.9943988,-2.4860291,-1.0153521,1.3599154,1.6500444,3.4815073e-06,9.8250425e-08
232,1.2533321,-1.4334632,-0.9957829,-2.4796019,-1.024553,1.3480457,1.636852,3.6393076e-06,2.4505127e-07
233,1.2481035,-1.4449937,-0.99713594,-2.4727075,-1.0341694,1.3359665,1.6231179,3.801084e-06,3.4698436e-07
234,1.2430211,-1.4566035,-0.99845326,-2.465303,-1.0441502,1.323682,1.6088858,3.9601455e-06,3.8305765e-07
235,1.2380921,-1.468295,-0.9997167,-2.4574099,-1.0544881,1.3112721,1.5941694,4.127973e-06,4.914969e-07
236,1.2333714,-1.4799913,-1.0009277,-2.4489715,-1.065112,1.2987441,1.5790199,4.279736e-06,5.5015244e-07
237,1.2288952,-1.4916015,-1.0020698,-2.4400012,-1.0760443,1.2861104,1.5634452,4.4673407e-06,7.119512e-07
238,1.2246528,-1.5031326,-1.0031195,-2.4305565,-1.0873265,1.2734513,1.5474277,4.68549e-06,9.1548276e-07
239,1.2206758,-1.5145568,-1.0040799,-2.4205866,-1.0988754,1.2607956,1.5310128,4.871054e-06,1.0285136e-06
240,1.2169815,-1.525828,-1.0049411,-2.410103,-1.1106985,1.2481717,1.5142075,5.055864e-06,1.1660618e-06
241,1.2135905,-1.5369025,-1.0056996,-2.3990974,-1.1227783,1.2356035,1.497034,5.246236e-06,1.3519107e-06
242,1.2105242,-1.5477619,-1.0063545,-2.3875306,-1.1350504,1.2231193,1.479535,5.4402294e-06,1.5191806e-06
243,1.2077802,-1.5583506,-1.0068965,-2.3754647,-1.1475887,1.210747,1.4616916,5.672617e-06,1.7742982e-06
244,1.20537,-1.568678,-1.0073231,-2.3628676,-1.1603277,1.198529,1.4435384,5.898252e-06,2.009642e-06
245,1.2032896,-1.578702,-1.0076313,-2.349783,-1.1733155,1.1864923,1.4250687,6.1143546e-06,2.2101744e-06
246,1.2015467,-1.5884188,-1.0078192,-2.336192,-1.186511,1.1746691,1.4063168,6.301941e-06,2.382289e-06
247,1.2001392,-1.5978125,-1.0078869,-2.3221078,-1.1999164,1.1630921,1.3873099,6.495762e-06,2.5700963e-06
248,1.1990545,-1.606894,-1.0078269,-2.307554,-1.2135332,1.151811,1.368079,6.6994903e-06,2.8049096e-06
249,1.198279,-1.6156796,-1.0076318,-2.2925653,-1.2273775,1.1408719,1.3485557,6.868185e-06,2.966388e-06
250,1.1978358,-1.6241025,-1.0073167,-2.2771294,-1.2414567,1.1302507,1.3287102,6.9676994e-06,2.987281e-06
251,1.19774,-1.6321274,-1.0068924,-2.2612286,-1.2557517,1.1199498,1.3085876,7.0752744e-06,3.0824165e-06
252,1.1979872,-1.6396745,-1.0064011,-2.244779,-1.2701246,1.1100132,1.2882884,7.1926097e-06,3.2235994e-06
253,1.198509,-1.6466812,-1.005893,-2.227824,-1.2845471,1.100559,1.2677476,7.359444e-06,3.4469024e-06
254,1.1992927,-1.6531204,-1.0053898,-2.2103882,-1.2990334,1.0916139,1.2468582,7.4376862e-06,3.4669376e-06
255,1.1999677,-1.6591017,-1.0049179,-2.194341,-1.3123952,1.0833862,1.2276169,7.1948784e-06,3.475907e-06
256,1.2005944,-1.6646229,-1.004478,-2.1795807,-1.3246983,1.0758113,1.2099085,6.8544136e-06,3.2589292e-06
257,1.2011731,-1.669716,-1.0040705,-2.1660085,-1.3360268,1.0688431,1.1936169,6.4851033e-06,3.0347326e-06
258,1.2017134,-1.6744107,-1.0036927,-2.1535177,-1.3464535,1.0624236,1.178626,6.1191104e-06,2.810039e-06
259,1.2022102,-1.67875,-1.0033393,-2.142037,-1.3560574,1.0565215,1.1648355,5.791171e-06,2.708318e-06
260,1.2026707,-1.6827497,-1.0030125,-2.1314733,-1.3648944,1.05109,1.1521386,5.498135e-06,2.6604587e-06
261,1.2031101,-1.6864376,-1.0027065,-2.121745,-1.3730315,1.0460703,1.1404631,5.24378e-06,2.6325645e-06
262,1.2033988,-1.6895596,-1.0025941,-2.1127384,-1.3803012,1.0416375,1.1298518,5.0204935e-06,2.6194325e-06
263,1.2037234,-1.6925187,-1.0024359,-2.1044192,-1.3870044,1.0374862,1.1199812,4.8452985e-06,2.6351465e-06
264,1.2039868,-1.6952935,-1.0022775,-2.0968246,-1.3932054,1.0337229,1.1109091,4.681027e-06,2.6494233e-06
265,1.2040656,-1.6974763,-1.0023623,-2.0897565,-1.3986007,1.0305218,1.1025654,4.5360985e-06,2.6686414e-06
266,1.2041035,-1.6995058,-1.0024402,-2.0833387,-1.4036397,1.0276222,1.094903,4.420504e-06,2.7055682e-06
267,1.2041366,-1.7014253,-1.002491,-2.0774248,-1.4082434,1.024977,1.0877786,4.320873e-06,2.7425397e-06
268,1.2041693,-1.703154,-1.0025538,-2.0719995,-1.4125204,1.0225208,1.0812641,4.229493e-06,2.7799388e-06
269,1.2042081,-1.7047651,-1.0026019,-2.0669932,-1.4164364,1.0202618,1.0752785,4.152564e-06,2.8191191e-06
270,1.2042557,-1.7062393,-1.0026485,-2.0623758,-1.4200405,1.0181638,1.069789,4.0828313e-06,2.8568209e-06
271,1.2043229,-1.7076,-1.0026844,-2.058081,-1.4233155,1.0162095,1.0647318,4.0199784e-06,2.8916074e-06
272,1.2043599,-1.7088691,-1.0027164,-2.054193,-1.426388,1.0144398,1.0600897,3.9628376e-06,2.9270961e-06
273,1.2043617,-1.7100652,-1.0027407,-2.0506954,-1.4292866,1.012852,1.0557735,3.912894e-06,2.9622342e-06
274,1.2043687,-1.7111686,-1.0027597,-2.0474744,-1.4319549,1.0113833,1.0518152,3.8661765e-06,2.9921518e-06
275,1.2043736,-1.7122011,-1.0027703,-2.0445156,-1.434411,1.0100385,1.0482152,3.8240773e-06,3.020209e-06
276,1.2043878,-1.7131476,-1.0027796,-2.0417883,-1.4366785,1.0087844,1.0448525,3.789707e-06,3.0508459e-06
277,1.2048435,-1.7139543,-1.0027318,-2.03735,-1.439928,1.0073498,1.0399399,3.7667485e-06,2.7042877e-06
278,1.2056204,-1.714621,-1.0026633,-2.0313084,-1.4440634,1.0058894,1.0333941,3.73631e-06,2.3732116e-06
279,1.2067553,-1.7150935,-1.0025821,-2.023694,-1.4489884,1.0043963,1.0255829,3.7029477e-06,2.0621894e-06
280,1.2082072,-1.7153686,-1.0024991,-2.0146363,-1.4546417,1.0029881,1.0164424,3.669596e-06,1.7738234e-06
281,1.2102346,-1.7157816,-1.0021323,-2.004204,-1.4613206,1.0012949,1.0060856,3.644629e-06,1.5102671e-06
282,1.2126126,-1.7159611,-1.001756,-1.9924943,-1.4687196,0.999694,0.99467236,3.6063602e-06,1.265725e-06
283,1.2155534,-1.7161077,-1.0011693,-1.9794518,-1.4769255,0.9979241,0.9822324,3.5778733e-06,1.0382744e-06
284,1.2189344,-1.7160457,-1.0005114,-1.9651471,-1.4857526,0.9962078,0.9688258,3.5190644e-06,6.843768e-07
285,1.222011,-1.7160966,-0.99986297,-1.9519893,-1.493936,0.99461323,0.9565101,3.4886077e-06,9.791192e-07
286,1.2247217,-1.7159897,-0.9994099,-1.9399016,-1.5013111,0.99333,0.9452175,3.4500122e-06,1.141792e-06
287,1.2272475,-1.7159517,-0.99894774,-1.9287806,-1.5081364,0.99210846,0.9348052,3.4237407e-06,1.2944274e-06
288,1.2293766,-1.7156124,-0.99878496,-1.9184942,-1.5140399,0.9913071,0.9250763,3.3983601e-06,1.4418694e-06
289,1.2313621,-1.715324,-0.9986157,-1.9090606,-1.5195645,0.9905127,0.91617584,3.3920728e-06,1.5943128e-06
290,1.2332234,-1.7150788,-0.99843657,-1.900347,-1.5246454,0.9897406,0.9080049,3.385308e-06,1.7317676e-06
291,1.2349217,-1.7148472,-0.99828476,-1.8923688,-1.529359,0.98904043,0.9005437,3.3822444e-06,1.8639265e-06
292,1.2365052,-1.7146444,-0.9981312,-1.8849816,-1.5336518,0.9883818,0.8935586,3.3778833e-06,1.980716e-06
293,1.2379304,-1.7145307,-0.9979591,-1.8782351,-1.5376056,0.9878361,0.887195,3.368733e-06,2.084231e-06
294,1.239259,-1.7143681,-0.9978326,-1.8720224,-1.5412887,0.98728245,0.8813245,3.3673862e-06,2.1878714e-06
295,1.2404721,-1.714272,-0.99768907,-1.8663305,-1.5446743,0.98680574,0.8759519,3.3656793e-06,2.2810887e-06
296,1.2416109,-1.7141664,-0.9975593,-1.8610537,-1.5477756,0.98633105,0.87104964,3.3664592e-06,2.3686653e-06
297,1.2426772,-1.7140635,-0.9974375,-1.8561699,-1.550617,0.98587084,0.8664384,3.3686124e-06,2.4506892e-06
298,1.2436601,-1.7139453,-0.9973427,-1.8517,-1.5532786,0.9854289,0.86226517,3.3698639e-06,2.5273382e-06
299,1.2445762,-1.7138693,-0.9972304,-1.84756,-1.5556897,0.98502547,0.85835654,3.3717454e-06,2.5956451e-06
300,1.2454243,-1.7137849,-0.99713576,-1.8437558,-1.557935,0.9846341,0.8548482,3.3750302e-06,2.6619452e-06
301,1.2462167,-1.713712,-0.9970422,-1.8402414,-1.5599945,0.9842619,0.8515912,3.3793506e-06,2.7233723e-06
302,1.2469434,-1.713651,-0.9969547,-1.8370239,-1.5619105,0.98391837,0.8485887,3.3812642e-06,2.778305e-06
303,1.2475988,-1.7135931,-0.99688286,-1.8341124,-1.5637276,0.9836098,0.845912,3.3833117e-06,2.8302047e-06
304,1.248219,-1.7135326,-0.9968152,-1.8314118,-1.5653943,0.98330224,0.8434274,3.3836252e-06,2.8747527e-06
305,1.2487997,-1.7134951,-0.9967378,-1.8289089,-1.56691,0.9830147,0.84107924,3.38457e-06,2.9155688e-06
306,1.2493254,-1.7134987,-0.9966468,-1.8266199,-1.5683022,0.98276955,0.8389575,3.387333e-06,2.955285e-06
307,1.2498115,-1.713486,-0.9965733,-1.8245263,-1.5696166,0.9825263,0.8369544,3.3887754e-06,2.9920304e-06
308,1.2502621,-1.7135036,-0.9964864,-1.8225967,-1.5708139,0.9823098,0.8351668,3.3890876e-06,3.0234548e-06
309,1.250694,-1.7135153,-0.99640256,-1.8207939,-1.5719075,0.98208475,0.83346474,3.3926883e-06,3.0555657e-06
310,1.2510941,-1.7135099,-0.996336,-1.8191507,-1.5729488,0.9818615,0.8318554,3.3957397e-06,3.086388e-06
311,1.2514448,-1.7135541,-0.9962515,-1.8176751,-1.5739151,0.9816931,0.8303819,3.3974113e-06,3.112589e-06
312,1.2517673,-1.7136033,-0.996169,-1.8163254,-1.5748184,0.9815334,0.8291259,3.3980932e-06,3.1358982e-06
313,1.252078,-1.7136554,-0.9960832,-1.8150612,-1.5756378,0.98137075,0.8279228,3.400133e-06,3.1580441e-06
314,1.252374,-1.7136579,-0.9960304,-1.8139098,-1.5764436,0.98118293,0.82680535,3.4020102e-06,3.1807992e-06
315,1.2533587,-1.7133265,-0.9959204,-1.8104799,-1.5783073,0.98106813,0.82382244,3.4075904e-06,2.8197012e-06
316,1.2549356,-1.7126766,-0.99578947,-1.8049238,-1.5812147,0.98107076,0.8190815,3.4104912e-06,2.4806038e-06
317,1.2571231,-1.7117059,-0.99562633,-1.7972957,-1.585043,0.98120093,0.8127287,3.4118134e-06,2.1643525e-06
318,1.259895,-1.7104045,-0.9954489,-1.7877345,-1.5897549,0.9815059,0.80485594,3.4168143e-06,1.8765904e-06
319,1.2632838,-1.7087471,-0.99525845,-1.7762674,-1.5952746,0.9819624,0.79560053,3.4241846e-06,1.6116607e-06
320,1.2663642,-1.7072417,-0.9951011,-1.7656734,-1.6003605,0.982367,0.78709674,3.4321495e-06,1.761642e-06
321,1.2691545,-1.7058834,-0.994964,-1.7560147,-1.6050799,0.98279715,0.77923477,3.4408781e-06,1.90819e-06
322,1.2717446,-1.7046369,-0.9948244,-1.7470787,-1.609386,0.98317295,0.7719877,3.4490001e-06,2.0385448e-06
323,1.2741137,-1.7034998,-0.9947004,-1.7389001,-1.6133888,0.9835284,0.7653559,3.450947e-06,2.1554397e-06
324,1.276295,-1.7024615,-0.99458253,-1.7313755,-1.6170696,0.98385787,0.7592493,3.451345e-06,2.2599634e-06
325,1.2783586,-1.7015145,-0.9944385,-1.7243395,-1.6203878,0.98410237,0.7535829,3.4546943e-06,2.3554705e-06
326,1.2802153,-1.7006401,-0.9943367,-1.7179693,-1.6235291,0.98435944,0.74837625,3.453025e-06,2.4446476e-06
327,1.2819344,-1.6998557,-0.9942238,-1.7120922,-1.6263998,0.9845957,0.7436475,3.4541185e-06,2.5255936e-06
328,1.2834914,-1.6991707,-0.99410766,-1.7067434,-1.6290759,0.9848436,0.73938173,3.4564484e-06,2.6025464e-06
329,1.2849591,-1.6984761,-0.99403536,-1.7017748,-1.6315584,0.98500514,0.7353156,3.457397e-06,2.671394e-06
330,1.2863137,-1.697877,-0.99393797,-1.6971987,-1.63382,0.98516846,0.7316035,3.4567406e-06,2.7321742e-06
331,1.2875937,-1.6973052,-0.9938474,-1.6929244,-1.6358817,0.9852695,0.72816557,3.4559016e-06,2.7869366e-06
332,1.2887417,-1.6968416,-0.99373394,-1.6890522,-1.6377903,0.9854149,0.725003,3.4565205e-06,2.8403351e-06
333,1.2897924,-1.6964008,-0.9936457,-1.685517,-1.6395925,0.9855374,0.72205806,3.454455e-06,2.8873026e-06
334,1.2907704,-1.696008,-0.99355066,-1.6822524,-1.6412443,0.9856428,0.71935165,3.4524567e-06,2.9291373e-06
335,1.2916802,-1.6956635,-0.99344623,-1.6792332,-1.6427547,0.98573154,0.71689874,3.4514037e-06,2.9678495e-06
336,1.2925143,-1.6953684,-0.993336,-1.6764665,-1.6441507,0.98581934,0.71462667,3.4509646e-06,3.0043568e-06
337,1.2932768,-1.6951303,-0.99321234,-1.6739331,-1.6454359,0.9859131,0.71255714,3.4482896e-06,3.0356273e-06
338,1.2939776,-1.6949289,-0.9930866,-1.6716107,-1.6466281,0.98600006,0.7106395,3.447948e-06,3.066501e-06
339,1.2946367,-1.6947528,-0.99295694,-1.6694534,-1.6477189,0.9860639,0.70887756,3.4443735e-06,3.0911763e-06
340,1.2952496,-1.6945734,-0.992851,-1.6674783,-1.6487616,0.98609793,0.70727974,3.445013e-06,3.119232e-06
341,1.2958212,-1.6944171,-0.99274445,-1.6656611,-1.649729,0.98612195,0.705818,3.4433208e-06,3.1422528e-06
342,1.2963458,-1.6942974,-0.9926298,-1.6639986,-1.6506222,0.98615116,0.70442903,3.4436002e-06,3.1648954e-06
343,1.2968122,-1.6942161,-0.9925122,-1.6625105,-1.6514703,0.98619837,0.70314306,3.4429536e-06,3.185103e-06
344,1.2972754,-1.6941217,-0.99240196,-1.6610883,-1.6522461,0.9861909,0.70205206,3.4445702e-06,3.204985e-06
345,1.2976897,-1.6940364,-0.992309,-1.6598244,-1.6530064,0.9861891,0.7009885,3.4458046e-06,3.2247194e-06
346,1.2980945,-1.693965,-0.9922062,-1.6586233,-1.6536876,0.98616326,0.70003074,3.445335e-06,3.2397177e-06
347,1.2984734,-1.693904,-0.99210596,-1.6575174,-1.6543262,0.98612875,0.6991507,3.4452587e-06,3.254072e-06
348,1.2988181,-1.6938698,-0.9920006,-1.6565179,-1.6549276,0.98610306,0.69836885,3.444288e-06,3.266843e-06
349,1.2991517,-1.6938308,-0.99190176,-1.6555772,-1.6554854,0.9860534,0.6975927,3.4450725e-06,3.2797536e-06
350,1.2994547,-1.6938078,-0.99180496,-1.6547352,-1.6560249,0.9860098,0.6969446,3.4419993e-06,3.2887422e-06
351,1.2997446,-1.6938055,-0.99169546,-1.653942,-1.6565065,0.9859624,0.6963077,3.4464617e-06,3.3028355e-06
352,1.3000143,-1.6938066,-0.99159205,-1.65322,-1.6569711,0.9859083,0.6957467,3.4459551e-06,3.3120434e-06
353,1.3002584,-1.6938044,-0.99150413,-1.6525824,-1.6574339,0.9858543,0.6951458,3.4425489e-06,3.318463e-06
354,1.3005078,-1.69382,-0.99139535,-1.6519492,-1.6578268,0.9857852,0.69463754,3.441455e-06,3.324494e-06
355,1.3007324,-1.6938511,-0.99128664,-1.6513858,-1.6582088,0.98572356,0.69421035,3.4427328e-06,3.3331264e-06
356,1.300953,-1.6938541,-0.99120164,-1.6508611,-1.6585896,0.98563504,0.6937419,3.4443374e-06,3.3423403e-06
357,1.3011036,-1.6939247,-0.9911006,-1.6504921,-1.658986,0.9856304,0.69326806,3.4453997e-06,3.351158e-06
358,1.3012486,-1.6940019,-0.9909945,-1.6501456,-1.6593536,0.98561716,0.69285053,3.4427558e-06,3.3537126e-06
359,1.3014019,-1.6940826,-0.99087846,-1.649792,-1.6596739,0.98558384,0.69246143,3.4407246e-06,3.3560787e-06
360,1.3015501,-1.6941432,-0.99078107,-1.6494712,-1.6600008,0.98552996,0.69210696,3.4421607e-06,3.3629974e-06
361,1.3016983,-1.6942028,-0.9906832,-1.6491675,-1.6603067,0.9854662,0.6917878,3.4434083e-06,3.3688e-06
362,1.3018438,-1.6942639,-0.99058473,-1.6488805,-1.6605945,0.9853944,0.6915012,3.4461807e-06,3.3754932e-06
363,1.3019919,-1.6943258,-0.9904825,-1.648597,-1.6608561,0.9853111,0.6912356,3.4451052e-06,3.3778463e-06
364,1.3021036,-1.6944146,-0.9903792,-1.648399,-1.6611379,0.9852634,0.69104385,3.4447846e-06,3.3817416e-06
365,1.3022203,-1.6944748,-0.9902952,-1.6482091,-1.6614234,0.9851878,0.6908592,3.449406e-06,3.390102e-06
366,1.3023713,-1.6944958,-0.9902223,-1.6479653,-1.6616732,0.9850581,0.6906492,3.4504797e-06,3.3936599e-06
367,1.3025044,-1.6945585,-0.990125,-1.6477532,-1.6618934,0.98495936,0.6904776,3.449096e-06,3.3946303e-06
368,1.3026375,-1.6946121,-0.9900332,-1.6475447,-1.662105,0.9848469,0.6903167,3.4476361e-06,3.3953738e-06
369,1.3027754,-1.6946639,-0.98994005,-1.6473331,-1.6622976,0.9847244,0.69016385,3.4489708e-06,3.3987867e-06
370,1.3029081,-1.6947092,-0.98985416,-1.6471416,-1.6624942,0.9845983,0.6900279,3.4483007e-06,3.4005338e-06
371,1.3030356,-1.694785,-0.9897451,-1.646955,-1.6626546,0.98448855,0.6899071,3.4478662e-06,3.4012876e-06
372,1.3031574,-1.6948326,-0.9896623,-1.6467941,-1.662845,0.98436165,0.6897997,3.4474897e-06,3.403349e-06
373,1.3032545,-1.694923,-0.9895588,-1.6466836,-1.6630267,0.98427767,0.68972135,3.4485397e-06,3.4062914e-06
374,1.3033493,-1.6950167,-0.98945236,-1.6465757,-1.6631975,0.98419106,0.689649,3.4467225e-06,3.4054096e-06
375,1.3034583,-1.6950663,-0.9893735,-1.6464571,-1.6633838,0.9840655,0.6895743,3.447781e-06,3.408636e-06
376,1.3035616,-1.6951377,-0.98928034,-1.6463501,-1.6635505,0.9839558,0.68950945,3.4504828e-06,3.4124548e-06
377,1.3036554,-1.695221,-0.9891821,-1.646261,-1.663713,0.9838566,0.6894543,3.4498744e-06,3.412933e-06
378,1.3037462,-1.6953101,-0.98907965,-1.6461768,-1.6638663,0.98375976,0.6894043,3.4505595e-06,3.4143707e-06
379,1.3038372,-1.695417,-0.9889621,-1.6460875,-1.6639951,0.983669,0.6893568,3.446665e-06,3.4107259e-06
380,1.3039376,-1.6954714,-0.9888823,-1.6459985,-1.6641587,0.98353845,0.68931,3.4394993e-06,3.4052305e-06
381,1.3040195,-1.6955761,-0.9887723,-1.645941,-1.6642991,0.9834522,0.689275,3.4394172e-06,3.4062023e-06
382,1.3041114,-1.6956362,-0.9886919,-1.6458738,-1.6644623,0.9833282,0.68923837,3.4391865e-06,3.4068792e-06
383,1.3042068,-1.6956999,-0.98860675,-1.6458036,-1.6646129,0.9832051,0.6892035,3.4403836e-06,3.4090956e-06
384,1.3042887,-1.6957983,-0.9885008,-1.6457515,-1.6647449,0.9831106,0.6891747,3.443069e-06,3.4118038e-06
385,1.3043982,-1.6958643,-0.9884035,-1.6456426,-1.6648543,0.982971,0.68913674,3.4441086e-06,3.4125444e-06
386,1.3044854,-1.6959655,-0.9882914,-1.645577,-1.6649652,0.98286915,0.6891088,3.443617e-06,3.41295e-06
387,1.3045454,-1.6960806,-0.9881835,-1.645568,-1.6651064,0.98279464,0.6890913,3.4483046e-06,3.4185693e-06
388,1.3046064,-1.696194,-0.9880756,-1.6455607,-1.6652464,0.98271763,0.6890756,3.445179e-06,3.416223e-06
389,1.3046681,-1.6963066,-0.98796797,-1.6455542,-1.6653847,0.9826382,0.68906,3.4444988e-06,3.4160055e-06
390,1.3047302,-1.6964184,-0.9878606,-1.6455486,-1.6655214,0.98255676,0.6890456,3.4447335e-06,3.4165153e-06
391,1.3047929,-1.6965299,-0.9877535,-1.6455433,-1.6656576,0.98247343,0.68903184,3.4441414e-06,3.416198e-06
392,1.3048558,-1.6966407,-0.98764676,-1.6455387,-1.6657927,0.9823884,0.6890183,3.443657e-06,3.4161417e-06
393,1.3049191,-1.6967509,-0.98754,-1.6455355,-1.6659262,0.98230183,0.68900555,3.4466402e-06,3.419532e-06
394,1.3049829,-1.6968604,-0.9874336,-1.6455328,-1.6660593,0.9822138,0.68899363,3.4492264e-06,3.422482e-06
395,1.3050472,-1.6969689,-0.9873274,-1.645531,-1.6661919,0.9821243,0.6889819,3.4481534e-06,3.4215418e-06
396,1.3051118,-1.6970769,-0.9872213,-1.6455294,-1.6663239,0.9820334,0.6889702,3.44418e-06,3.4178e-06
397,1.3051766,-1.6971847,-0.9871154,-1.645528,-1.6664551,0.9819412,0.68895864,3.4450725e-06,3.4189823e-06
398,1.3052417,-1.6972917,-0.9870097,-1.6455266,-1.6665856,0.98184806,0.6889477,3.4454652e-06,3.4194554e-06
399,1.3053071,-1.6973987,-0.9869042,-1.6455256,-1.666715,0.98175377,0.68893737,3.4482534e-06,3.422456e-06
400,1.3053731,-1.6975051,-0.98679894,-1.6455247,-1.666844,0.98165864,0.68892735,3.4461377e-06,3.4206037e-06
401,1.305439,-1.6976115,-0.9866937,-1.6455249,-1.6669728,0.9815627,0.68891734,3.4438685e-06,3.4183188e-06
402,1.3055052,-1.6977172,-0.9865884,-1.6455253,-1.6671009,0.9814659,0.6889074,3.4471407e-06,3.4219254e-06
403,1.3055717,-1.6978225,-0.9864833,-1.6455259,-1.6672286,0.98136824,0.68889743,3.4457803e-06,3.4207317e-06
404,1.3056382,-1.6979277,-0.9863784,-1.6455268,-1.6673558,0.98127,0.68888754,3.4492803e-06,3.4242062e-06
405,1.305705,-1.6980325,-0.98627347,-1.6455277,-1.6674824,0.9811713,0.6888777,3.446685e-06,3.4218317e-06
406,1.3057717,-1.6981369,-0.98616856,-1.6455287,-1.6676083,0.9810719,0.68886787,3.4473105e-06,3.4226593e-06
407,1.3058385,-1.6982411,-0.98606366,-1.6455299,-1.6677339,0.98097205,0.68885803,3.447185e-06,3.422411e-06
408,1.3059053,-1.6983453,-0.9859589,-1.645531,-1.6678593,0.98087174,0.6888482,3.4490058e-06,3.4243774e-06
409,1.3059723,-1.698449,-0.9858542,-1.6455323,-1.6679845,0.9807711,0.6888384,3.4508912e-06,3.4264551e-06
410,1.306037,-1.6985551,-0.9857498,-1.645539,-1.6681129,0.9806741,0.6888288,3.4497255e-06,3.4251862e-06
411,1.3053712,-1.6998348,-0.9865892,-1.6468534,-1.6689521,0.9813041,0.6888095,3.4561058e-06,3.4348802e-06
412,1.3040184,-1.7023683,-0.9883087,-1.6493198,-1.6704074,0.98268056,0.6888829,3.460072e-06,3.4232428e-06
413,1.3010788,-1.7045367,-0.99234664,-1.6528678,-1.6709362,0.9862683,0.68928665,3.4712384e-06,3.41898e-06
414,1.2970343,-1.7067362,-0.9980711,-1.6573436,-1.6711882,0.99142015,0.6898203,3.459915e-06,3.394615e-06
415,1.2920173,-1.7087686,-1.005444,-1.6624657,-1.6710042,0.9980715,0.69035643,3.4246605e-06,3.3479753e-06
416,1.2861009,-1.7106448,-1.014324,-1.6682059,-1.6704823,1.0062028,0.6909343,3.359911e-06,3.2730393e-06
417,1.2794888,-1.7123755,-1.0245235,-1.6744039,-1.6697754,1.0155667,0.69153297,3.2691548e-06,3.174636e-06
418,1.2722836,-1.7138679,-1.0359815,-1.6809874,-1.6689657,1.0260789,0.69210327,3.144763e-06,3.0478948e-06
419,1.2646707,-1.7153484,-1.0483999,-1.6878684,-1.6682706,1.0374876,0.692754,3.1155228e-06,3.1047796e-06
420,1.2566361,-1.7167127,-1.0617863,-1.695003,-1.6675959,1.0499067,0.69328165,3.3398655e-06,3.5721648e-06
421,1.2483398,-1.7179738,-1.0760071,-1.7022775,-1.6670743,1.0631149,0.69378036,3.7687237e-06,4.2465213e-06
422,1.2399004,-1.7191335,-1.0909574,-1.7095201,-1.6666241,1.0770072,0.6943239,4.105684e-06,4.7010335e-06
423,1.2195957,-1.7202536,-1.0969632,-1.725189,-1.623071,1.1201831,0.65081906,2.5573183e-05,3.2500125e-06
424,1.1974671,-1.7216338,-1.0893679,-1.7401494,-1.5795165,1.1633853,0.6073195,0.00015956018,0.0001609575
425,1.1738422,-1.7224432,-1.0686688,-1.7543027,-1.53597,1.2065846,0.5638193,0.00031724016,0.00031858284
426,1.1487128,-1.7215384,-1.0361685,-1.7676868,-1.4924334,1.2497747,0.52031904,0.00048819525,0.000489472
427,1.1183277,-1.7118399,-1.002408,-1.7802657,-1.4489172,1.292969,0.47681904,0.00066578796,0.00066697336
428,1.084671,-1.6968676,-0.9666632,-1.7920793,-1.4054091,1.3361632,0.43345562,0.0008073991,0.00080849824
429,1.0485024,-1.6773747,-0.9306184,-1.8029221,-1.3619077,1.3793769,0.39266413,0.00092394586,0.00092493044
430,1.0338074,-1.6796249,-0.89515704,-1.8046511,-1.386893,1.3788471,0.4171204,0.0010073925,0.0010056691
431,1.0251724,-1.6823269,-0.88078374,-1.8060724,-1.4101764,1.3780608,0.43964872,0.00089339423,0.00089179014
432,1.0220416,-1.6847557,-0.88774484,-1.8073846,-1.431516,1.3774049,0.46034297,0.0008144694,0.000812985
433,1.0247941,-1.6871309,-0.9143622,-1.8086282,-1.451238,1.3767757,0.47942224,0.0007668451,0.00076546246
434,1.0299463,-1.6899571,-0.95059466,-1.8097987,-1.4694955,1.3759806,0.49697882,0.000737827,0.00073718757
435,1.0352019,-1.6931328,-0.9863702,-1.810953,-1.486179,1.3753986,0.51311713,0.0007146262,0.0007143082
436,1.021256,-1.6868057,-1.0222545,-1.8203291,-1.4426624,1.4185982,0.46961707,0.000688619,0.00068958366
437,1.0267082,-1.6899582,-1.0521395,-1.8206958,-1.4617909,1.414348,0.4879488,0.000683763,0.0006831674
438,1.0322758,-1.6934475,-1.079947,-1.8209984,-1.4793336,1.4104623,0.5047207,0.0006630898,0.00066270895
439,1.0374042,-1.6966898,-1.1055027,-1.8212799,-1.4955229,1.4068385,0.52015465,0.0006378276,0.00063759985
440,1.0421109,-1.6996669,-1.1290165,-1.8215427,-1.5104171,1.4035112,0.534339,0.0006097551,0.0006096522
441,1.0464076,-1.7024032,-1.1506574,-1.8217809,-1.5240558,1.4005126,0.547382,0.00057992595,0.0005799207
442,1.0504038,-1.7049167,-1.1705468,-1.821958,-1.536627,1.3976598,0.559389,0.00054919586,0.0005492685
443,1.054035,-1.7072192,-1.1888652,-1.8221657,-1.5481951,1.3951095,0.57046986,0.0005182955,0.000518428
444,1.057426,-1.709321,-1.2057022,-1.8222926,-1.5588189,1.3926764,0.5806,0.00048766617,0.0004878438
445,1.0605443,-1.7112672,-1.2211812,-1.8224087,-1.5686023,1.3904281,0.58996904,0.00045765025,0.0004578594
446,1.0633744,-1.7130536,-1.2354348,-1.8225355,-1.5775735,1.3884276,0.5985409,0.00042859666,0.00042882748
447,1.0660019,-1.7146932,-1.2485379,-1.8226426,-1.585867,1.3865286,0.6064556,0.0004005783,0.0004008243
448,1.0679775,-1.716102,-1.2623075,-1.8229225,-1.5938311,1.3864516,0.6136699,0.0003738272,0.0003740355
449,1.0693879,-1.7171848,-1.276858,-1.8233013,-1.6013467,1.3882275,0.62030673,0.00034844482,0.00034862847
450,1.0703413,-1.7180047,-1.2920913,-1.8237722,-1.6086123,1.391655,0.6264935,0.0003244538,0.00032461717
451,1.0709159,-1.7184787,-1.308009,-1.8242116,-1.615439,1.3967437,0.6321155,0.00030187966,0.000302027
452,1.0711918,-1.7184174,-1.3246827,-1.8245527,-1.621691,1.4035472,0.6373166,0.00028058523,0.00028072714
453,1.0713713,-1.7188506,-1.3413821,-1.8247145,-1.6282282,1.4109726,0.6420184,0.00026056863,0.00026066985
454,1.0714415,-1.7192167,-1.3584547,-1.8246973,-1.6346865,1.4194527,0.64627117,0.00024187336,0.00024195925
455,1.0715734,-1.7194142,-1.3743256,-1.8245763,-1.6403408,1.4273721,0.6501396,0.00022437156,0.0002244933
456,1.0716152,-1.7199222,-1.3887492,-1.8245807,-1.6458668,1.4345212,0.65370756,0.00020797398,0.00020809764
457,1.0717144,-1.7203145,-1.4020388,-1.8245101,-1.650883,1.441035,0.65692693,0.00019265965,0.00019279745
458,1.0717849,-1.720493,-1.4143838,-1.824443,-1.655324,1.4472196,0.65991473,0.00017837567,0.0001785239
459,1.0718086,-1.720528,-1.4258356,-1.8244455,-1.6593826,1.4530685,0.6626615,0.00016507853,0.0001652319
460,1.0718368,-1.7206726,-1.436295,-1.8244486,-1.6632131,1.4583421,0.6651855,0.00015270048,0.00015284927
461,1.071871,-1.7206041,-1.4460394,-1.8244604,-1.6666425,1.4633214,0.66756415,0.00014122075,0.00014137197
462,1.0719118,-1.7208841,-1.4547806,-1.8244746,-1.6700693,1.4676049,0.6698636,0.00013058777,0.00013072611
463,1.0719205,-1.7213396,-1.4627094,-1.8245299,-1.6734105,1.4714218,0.67195016,0.00012077636,0.00012090599
464,1.0719447,-1.7217343,-1.4700105,-1.8245422,-1.6764199,1.4749309,0.67386764,0.000111686175,0.00011181032
465,1.0719496,-1.7221601,-1.4766917,-1.8245617,-1.6792227,1.4781404,0.67563105,0.00010327737,0.00010339381
466,1.0719447,-1.7224888,-1.48288,-1.8245894,-1.681764,1.4811543,0.67722523,9.550122e-05,9.561218e-05
467,1.0719732,-1.7229373,-1.4884654,-1.824587,-1.684218,1.4837441,0.67867666,8.829992e-05,8.840203e-05
468,1.0719669,-1.723333,-1.4936264,-1.8246133,-1.6864631,1.4861981,0.6800176,8.1653634e-05,8.174897e-05
469,1.0720205,-1.723634,-1.4983884,-1.8245636,-1.6884439,1.4884062,0.6812611,7.551595e-05,7.560466e-05
470,1.0720209,-1.7239109,-1.5027868,-1.824574,-1.690294,1.4905188,0.6823811,6.985843e-05,6.994022e-05
471,1.0720214,-1.7242249,-1.5067945,-1.8245676,-1.6920031,1.4924216,0.683392,6.462948e-05,6.470306e-05
472,1.0720271,-1.7243617,-1.5105754,-1.8245842,-1.6935371,1.494264,0.6843153,5.980289e-05,5.9872622e-05
473,1.0720259,-1.7246265,-1.5139657,-1.8245852,-1.6949987,1.4958729,0.68514556,5.5345838e-05,5.5406545e-05
474,1.0720284,-1.7248954,-1.5170673,-1.8245907,-1.6963854,1.4973173,0.6858927,5.124529e-05,5.130011e-05
475,1.0720433,-1.7251163,-1.5199322,-1.8245833,-1.6976408,1.4986445,0.6865801,4.7465688e-05,4.7514804e-05
476,1.072064,-1.725394,-1.522516,-1.8245645,-1.6988404,1.4997935,0.68719786,4.3974385e-05,4.4017183e-05
477,1.0720567,-1.7256545,-1.5248996,-1.8245628,-1.6999291,1.5008987,0.6877758,4.075896e-05,4.0796076e-05
478,1.0720222,-1.7258998,-1.5270994,-1.8245816,-1.7009244,1.5019623,0.6883144,3.77987e-05,3.7830512e-05
479,1.0720142,-1.7261214,-1.5291159,-1.8245894,-1.7018691,1.5028905,0.68880385,3.5071058e-05,3.5098958e-05
480,1.0720333,-1.726297,-1.5309776,-1.8245761,-1.7027285,1.5037174,0.6892564,3.2561005e-05,3.2584852e-05
481,1.0720206,-1.7265381,-1.5326514,-1.8245894,-1.7035692,1.504472,0.6896675,3.0247527e-05,3.0266508e-05
482,1.0720137,-1.7267541,-1.534193,-1.8246022,-1.7043529,1.5051565,0.69004977,2.8114197e-05,2.8129827e-05
483,1.0720202,-1.7269456,-1.5356104,-1.82461,-1.7050858,1.5057641,0.69040424,2.615292e-05,2.6165379e-05
484,1.0720178,-1.7271525,-1.536898,-1.8246257,-1.705784,1.5063136,0.69073296,2.4344801e-05,2.4353747e-05
485,1.0720094,-1.72738,-1.5380614,-1.8246378,-1.706436,1.5068035,0.6910404,2.268084e-05,2.2686128e-05
486,1.0720367,-1.7275728,-1.5391283,-1.8246372,-1.7070737,1.5071903,0.69132006,2.1149124e-05,2.1152302e-05
487,1.0720689,-1.7278277,-1.540056,-1.8245944,-1.7076312,1.5074955,0.69158417,1.9739718e-05,1.9737976e-05
488,1.0720577,-1.727991,-1.5409716,-1.8246212,-1.7081625,1.5078866,0.691845,1.844022e-05,1.8437218e-05
489,1.0720798,-1.7281907,-1.5417699,-1.8246135,-1.7086799,1.5081514,0.69207877,1.724599e-05,1.7239972e-05
490,1.0721319,-1.7285014,-1.5424098,-1.824551,-1.7091889,1.5082495,0.6922823,1.6142667e-05,1.6132595e-05
491,1.0721915,-1.7288407,-1.5429598,-1.8244807,-1.7096965,1.5082736,0.6924648,1.5123064e-05,1.5110646e-05
492,1.0722469,-1.7291465,-1.5434695,-1.8244252,-1.71018,1.5082941,0.6926388,1.4182204e-05,1.41681385e-05
493,1.0722978,-1.7294345,-1.5439347,-1.8243816,-1.7106454,1.5083059,0.6928031,1.3321066e-05,1.3305282e-05
494,1.0723271,-1.72969,-1.5443758,-1.8243577,-1.7110656,1.5083563,0.69297105,1.252418e-05,1.2506571e-05
495,1.0723636,-1.7299354,-1.5447713,-1.824338,-1.7114874,1.5083687,0.69312036,1.1786757e-05,1.1767844e-05
496,1.072388,-1.730161,-1.5451398,-1.8243295,-1.7118744,1.5083991,0.69326955,1.1107841e-05,1.1087363e-05
497,1.0724093,-1.730369,-1.5454785,-1.8243265,-1.712242,1.5084254,0.69341165,1.0485038e-05,1.0463091e-05
498,1.0724317,-1.7305387,-1.5458028,-1.8243297,-1.7125823,1.5084573,0.69355005,9.90605e-06,9.88302e-06
499,1.0723453,-1.7302406,-1.5479846,-1.8240943,-1.712937,1.5105566,0.6936085,9.382644e-06,9.355455e-06
500,1.07232,-1.7299247,-1.5516692,-1.8235376,-1.7136638,1.5140777,0.6936368,8.9005725e-06,8.872226e-06
501,1.0723742,-1.7297156,-1.5566632,-1.8226669,-1.7148551,1.5188534,0.6936171,8.4627645e-06,8.431232e-06
502,1.0724771,-1.7293983,-1.5630221,-1.821485,-1.7162122,1.5251567,0.69352037,8.054661e-06,8.020472e-06
503,1.0726365,-1.7290457,-1.5689963,-1.8203757,-1.7173997,1.5309813,0.6936054,7.6801125e-06,7.652506e-06
504,1.072739,-1.7287154,-1.5745125,-1.8193995,-1.7184949,1.5364306,0.6935964,7.330128e-06,7.302027e-06
505,1.0728339,-1.7285235,-1.5795108,-1.8184862,-1.7195725,1.5413346,0.69353914,7.0027168e-06,6.9718894e-06
506,1.0729584,-1.7284368,-1.5840328,-1.8175919,-1.7205975,1.5456958,0.69354105,6.7025044e-06,6.6698135e-06
507,1.0730866,-1.7284039,-1.5881543,-1.8167477,-1.7215637,1.5496383,0.6935143,6.4291958e-06,6.395172e-06
508,1.0731821,-1.7282902,-1.5920105,-1.816001,-1.7224047,1.5533849,0.6934571,6.1742303e-06,6.1406663e-06
509,1.0732943,-1.7283505,-1.5954357,-1.8152584,-1.7232461,1.5566381,0.6933971,5.9366957e-06,5.8999526e-06
510,1.0733445,-1.7283643,-1.598636,-1.814633,-1.7240129,1.5597643,0.6933019,5.7170337e-06,5.680136e-06
511,1.07338,-1.7283909,-1.6015742,-1.8140461,-1.7246803,1.5626581,0.69322443,5.5140167e-06,5.4756897e-06
512,1.0734638,-1.7283944,-1.6042697,-1.8134714,-1.7253069,1.5652341,0.69316447,5.3266253e-06,5.2882524e-06
513,1.0735593,-1.7283908,-1.6067463,-1.8129362,-1.7259,1.5675733,0.693105,5.154127e-06,5.1154557e-06
514,1.0736184,-1.7282983,-1.6090956,-1.8124839,-1.7264013,1.5698607,0.69304687,4.9882947e-06,4.949929e-06
515,1.0736697,-1.7281832,-1.6112776,-1.8120804,-1.7268596,1.5719943,0.6929897,4.836825e-06,4.7980734e-06
516,1.0737337,-1.7281095,-1.6132562,-1.8116956,-1.7273153,1.5738913,0.692935,4.6960763e-06,4.656476e-06
517,1.0737928,-1.728116,-1.6150259,-1.8113271,-1.7277669,1.5755707,0.69288546,4.568959e-06,4.527712e-06
518,1.0738138,-1.7282236,-1.6165986,-1.8109914,-1.7282107,1.577092,0.69283617,4.4453277e-06,4.401903e-06
519,1.0738287,-1.7282661,-1.618086,-1.8107114,-1.7286333,1.5785367,0.69278014,4.3361592e-06,4.2933143e-06
520,1.0738575,-1.7283801,-1.619398,-1.8104396,-1.7290874,1.5797635,0.6927216,4.232261e-06,4.188914e-06
521,1.0738847,-1.7284911,-1.6206009,-1.8101923,-1.729516,1.5808853,0.6926725,4.134362e-06,4.0904556e-06
522,1.0739278,-1.7287222,-1.6216125,-1.8099115,-1.7299367,1.5817751,0.69266635,4.048581e-06,4.0024756e-06
523,1.0739162,-1.7287647,-1.6226792,-1.8097473,-1.7302912,1.5828309,0.6926129,3.9711085e-06,3.9268016e-06
524,1.0739131,-1.7288542,-1.6236235,-1.8095891,-1.7306612,1.5837368,0.6925599,3.8960607e-06,3.851411e-06
525,1.0739179,-1.7290035,-1.6244439,-1.8094198,-1.7310205,1.584499,0.69253546,3.829911e-06,3.7839472e-06
526,1.0739335,-1.7289695,-1.6253088,-1.8092774,-1.7312564,1.5853363,0.6925585,3.7626214e-06,3.7174498e-06
527,1.0739679,-1.7290328,-1.626032,-1.8091273,-1.7315546,1.5859748,0.6925757,3.7038253e-06,3.6581207e-06
528,1.0739895,-1.7293168,-1.62655,-1.808962,-1.731943,1.5863768,0.69258577,3.648706e-06,3.6011097e-06
529,1.0740132,-1.7295775,-1.6270269,-1.808814,-1.7323188,1.5867355,0.6925972,3.599508e-06,3.551727e-06
530,1.0740284,-1.7298255,-1.6274631,-1.8086829,-1.732668,1.5870726,0.6926112,3.552875e-06,3.5048674e-06
531,1.0740402,-1.7300603,-1.6278607,-1.8085666,-1.7330017,1.5873775,0.6926266,3.5145154e-06,3.4664863e-06
532,1.0740556,-1.7302576,-1.6282375,-1.8084632,-1.7333121,1.5876634,0.69264394,3.4738744e-06,3.4258921e-06
533,1.0742682,-1.7298924,-1.6304783,-1.8078638,-1.7336056,1.5899823,0.6926382,3.4441734e-06,3.3979802e-06
534,1.0745372,-1.7296264,-1.633381,-1.8070564,-1.7340426,1.5929998,0.6925864,3.419025e-06,3.3733816e-06
535,1.0748003,-1.7293785,-1.6361032,-1.8063095,-1.7344177,1.5957998,0.69256604,3.391797e-06,3.3468095e-06
536,1.07506,-1.7291389,-1.6386076,-1.80562,-1.7347863,1.5983456,0.6925361,3.3618353e-06,3.3167216e-06
537,1.0752965,-1.7289281,-1.6409056,-1.8049884,-1.7351347,1.6006836,0.6925,3.335572e-06,3.289595e-06
538,1.0755104,-1.7287725,-1.6429943,-1.8044037,-1.7354771,1.6028026,0.6924597,3.314221e-06,3.267189e-06
539,1.0757058,-1.728691,-1.6448734,-1.8038555,-1.7358261,1.6046928,0.6924178,3.2939902e-06,3.2457126e-06
540,1.0758817,-1.7287825,-1.6464887,-1.8033174,-1.7362163,1.6062806,0.69237983,3.2709706e-06,3.220297e-06
541,1.0760281,-1.7288628,-1.6479843,-1.8028611,-1.7366374,1.6077584,0.69228166,3.2499806e-06,3.1998545e-06
542,1.0761592,-1.7288351,-1.6494323,-1.802451,-1.73694,1.6092336,0.69223064,3.2301436e-06,3.1801044e-06
543,1.0762914,-1.7289842,-1.6506381,-1.8020281,-1.7373017,1.6103984,0.69220525,3.2114765e-06,3.1597153e-06
544,1.0763929,-1.7290719,-1.6517911,-1.8016852,-1.737658,1.6115441,0.69212395,3.1987017e-06,3.1476866e-06
545,1.0764751,-1.7291199,-1.6528786,-1.8013937,-1.7379884,1.6126475,0.6920237,3.1820318e-06,3.1314944e-06
546,1.0765626,-1.72925,-1.6538147,-1.8010992,-1.7383366,1.6135556,0.691955,3.1684701e-06,3.1171535e-06
547,1.076674,-1.7292887,-1.6547192,-1.8008132,-1.738609,1.6144135,0.6919606,3.151654e-06,3.1005775e-06
548,1.076773,-1.7292359,-1.6556128,-1.8005679,-1.7388111,1.6152961,0.6919712,3.1412262e-06,3.090697e-06
549,1.0768607,-1.729227,-1.6564084,-1.8003403,-1.739024,1.6160742,0.6919787,3.126696e-06,3.0755732e-06
550,1.0769298,-1.7295086,-1.6569453,-1.800101,-1.7394027,1.6165197,0.69196904,3.114195e-06,3.0612837e-06
551,1.0769836,-1.7297578,-1.6574517,-1.7998887,-1.7397381,1.6169622,0.6919632,3.1026157e-06,3.0495257e-06
552,1.0770334,-1.7299969,-1.6579107,-1.7996973,-1.7400665,1.6173551,0.69195735,3.0939532e-06,3.0410633e-06
553,1.0770922,-1.7301455,-1.6583773,-1.7995266,-1.7403425,1.6177593,0.69195795,3.0890455e-06,3.0365609e-06
554,1.0771326,-1.7303139,-1.6587895,-1.7993723,-1.740601,1.6181308,0.69195986,3.077425e-06,3.0244157e-06
555,1.0771654,-1.7305062,-1.6591449,-1.7992357,-1.7408819,1.6184365,0.691956,3.0663332e-06,3.0134204e-06
556,1.0771945,-1.7306839,-1.659472,-1.7991152,-1.7411497,1.6187166,0.69195265,3.061561e-06,3.0087087e-06
557,1.0772212,-1.7308446,-1.6597756,-1.7990077,-1.7414035,1.6189766,0.6919508,3.0556487e-06,3.0028766e-06
558,1.0772464,-1.7309744,-1.6600668,-1.7989107,-1.7416259,1.6192325,0.6919527,3.0511922e-06,2.99846e-06
559,1.0772828,-1.731028,-1.6603742,-1.7988172,-1.7417816,1.6195103,0.69196624,3.049789e-06,2.997045e-06
560,1.0772935,-1.7311606,-1.6606091,-1.7987487,-1.7420021,1.6197195,0.6919626,3.0415745e-06,2.9886128e-06
561,1.077306,-1.7312613,-1.6608393,-1.798687,-1.7421919,1.6199281,0.6919642,3.0372826e-06,2.9845555e-06
562,1.0773093,-1.7313769,-1.6610385,-1.7986435,-1.7424033,1.6201066,0.6919585,3.028749e-06,2.975993e-06
563,1.0773083,-1.7314879,-1.6612216,-1.7986087,-1.7426054,1.6202751,0.691953,3.0251783e-06,2.9724251e-06
564,1.0773087,-1.731572,-1.6614014,-1.7985778,-1.7427808,1.620444,0.6919529,3.019133e-06,2.966369e-06
565,1.0772974,-1.7316676,-1.6615582,-1.798551,-1.7429389,1.6206069,0.69195473,3.0137269e-06,2.9602988e-06
566,1.0772856,-1.7317444,-1.6617107,-1.7985206,-1.7430577,1.620775,0.6919632,3.0070698e-06,2.9533583e-06
567,1.0772693,-1.7318244,-1.6618472,-1.7985061,-1.7432,1.6209229,0.69196486,3.006108e-06,2.952774e-06
568,1.0772687,-1.7318485,-1.6620004,-1.7984835,-1.7432889,1.6210853,0.6919764,3.0022313e-06,2.9487671e-06
569,1.077261,-1.7318808,-1.6621373,-1.798468,-1.7433769,1.6212378,0.691986,3.0016279e-06,2.9479354e-06
570,1.0772444,-1.7319287,-1.6622548,-1.7984612,-1.7434752,1.621377,0.69199157,2.998086e-06,2.9443497e-06
571,1.0772203,-1.7319895,-1.6623558,-1.7984715,-1.7436044,1.6214967,0.6919889,2.9960397e-06,2.9426876e-06
572,1.0771933,-1.7320478,-1.6624485,-1.7984707,-1.7436873,1.6216241,0.69199526,2.9926928e-06,2.9386395e-06
573,1.0771652,-1.7321008,-1.6625352,-1.7984746,-1.7437679,1.6217453,0.692001,2.991085e-06,2.9370153e-06
574,1.0771375,-1.7321482,-1.6626172,-1.7984838,-1.7438525,1.6218592,0.6920046,2.9894518e-06,2.9354906e-06
575,1.077109,-1.7321948,-1.662692,-1.7984964,-1.7439339,1.6219678,0.6920072,2.9868927e-06,2.9329449e-06
576,1.0770966,-1.7321943,-1.6627847,-1.7985071,-1.7439985,1.6220791,0.6920133,2.9858015e-06,2.9323467e-06
577,1.0771142,-1.7321123,-1.6629137,-1.7984893,-1.7439736,1.622217,0.69203895,2.9830715e-06,2.9290688e-06
578,1.0771428,-1.7319978,-1.6630522,-1.7984643,-1.7439189,1.6223605,0.69206864,2.981454e-06,2.9274347e-06
579,1.0771396,-1.7319602,-1.6631457,-1.7984622,-1.7439215,1.6224779,0.6920828,2.9792236e-06,2.9249854e-06
580,1.0771124,-1.73198,-1.6632046,-1.7984807,-1.743974,1.6225733,0.6920849,2.977395e-06,2.9235196e-06
581,1.0770787,-1.7320151,-1.6632519,-1.7985047,-1.7440354,1.6226606,0.69208485,2.975846e-06,2.9218259e-06
582,1.0770432,-1.7320536,-1.6632932,-1.7985297,-1.7440962,1.6227436,0.6920848,2.9773892e-06,2.9233706e-06
583,1.0770075,-1.7320915,-1.6633308,-1.7985557,-1.7441545,1.6228228,0.69208485,2.9745129e-06,2.9202758e-06
584,1.0769722,-1.7321274,-1.6633662,-1.7985817,-1.7442105,1.6228986,0.6920854,2.9739576e-06,2.919953e-06
585,1.0769379,-1.7321603,-1.6633987,-1.7986073,-1.7442629,1.6229714,0.6920871,2.9698438e-06,2.9156424e-06
586,1.0769055,-1.7321899,-1.6634303,-1.7986327,-1.7443116,1.6230414,0.6920891,2.966601e-06,2.912444e-06
587,1.0768738,-1.7322177,-1.6634593,-1.7986575,-1.7443565,1.6231089,0.6920914,2.9683424e-06,2.9142434e-06
588,1.076843,-1.7322423,-1.6634872,-1.798682,-1.7443978,1.6231738,0.69209504,2.9708465e-06,2.9165305e-06
589,1.0768138,-1.7322639,-1.6635143,-1.7987059,-1.7444355,1.6232364,0.6920988,2.9688729e-06,2.914737e-06
590,1.0767858,-1.7322837,-1.6635394,-1.7987294,-1.74447,1.6232966,0.6921027,2.9681985e-06,2.9138405e-06
591,1.0767586,-1.7323014,-1.6635636,-1.798752,-1.7445031,1.6233548,0.6921066,2.9675437e-06,2.9132261e-06
592,1.0767324,-1.7323167,-1.6635871,-1.7987736,-1.744533,1.6234105,0.6921108,2.965451e-06,2.9110965e-06
593,1.076708,-1.7323309,-1.6636087,-1.798795,-1.7445606,1.6234642,0.692115,2.965012e-06,2.9106482e-06
594,1.076684,-1.7323437,-1.6636295,-1.7988156,-1.7445861,1.6235154,0.6921193,2.9655525e-06,2.9112887e-06
595,1.0766606,-1.7323544,-1.6636497,-1.7988358,-1.7446088,1.6235652,0.6921238,2.9656321e-06,2.9113562e-06
596,1.0766385,-1.7323642,-1.6636688,-1.7988554,-1.7446305,1.6236124,0.69212836,2.9649098e-06,2.9106943e-06
597,1.0766174,-1.7323725,-1.6636865,-1.7988744,-1.7446505,1.6236587,0.69213295,2.9678745e-06,2.9135003e-06
598,1.0765972,-1.7323797,-1.6637037,-1.7988923,-1.7446685,1.623702,0.69213754,2.9674393e-06,2.9132361e-06
